,precision,recall,f1-score,support
0,0.9937238493723849,0.9978991596638656,0.9958071278825996,476.0
2,0.9743589743589743,0.926829268292683,0.95,41.0
accuracy,0.9922630560928434,0.9922630560928434,0.9922630560928434,0.9922630560928434
macro avg,0.9840414118656796,0.9623642139782742,0.9729035639412997,517.0
weighted avg,0.9921881436169694,0.9922630560928434,0.9921744542980996,517.0
